"homework","08/04/2015","","","Incomplete"
"homework 3","","09/04/2015","","Incomplete"
"homework","","10/04/2015","","Incomplete"
"homework 10302","08/04/2015","09/04/2015","","Incomplete"
"homework","09/04/2015","10/04/2015","","Incomplete"
"homework","09/04/2015","","","Incomplete"
"homework","09/04/2015","","","Incomplete"
"homework","10/04/2015","","","Incomplete"
"homework","10/04/2015","","","Incomplete"
"homework 5","10/04/2015","","","Incomplete"
"homework","10/04/2015","","","Incomplete"
"dinner","07:00am on 10/04/2015","","","Incomplete"
"dinner with food","07:00pm on 10/04/2015","","","Incomplete"
"homework","13/04/2015","13/04/2015","","Incomplete"
"homework","07:00am on 10/04/2015","","","Incomplete"
"homework","07:00am on 13/04/2015","","","Incomplete"